NAME,MODE,GROUP,TEFF,TEFF_ERR,TEFF_IRFM,FEH,FEH_ERR,CFE,CFE_ERR,AC,AC_ERR
J040618.2030525.fits,CH,GIII,5452.0,46.72,250.0,-2.96,0.0361,1.8,0.0152,7.27,0.0392
J044208.2342114.fits,CH,GIII,4000.0,214.34,250.0,-4.35,0.0867,1.9,0.2423,5.97,0.2574
J053817.0751621.fits,CH,GIII,4408.0,146.43,250.0,-2.61,0.0648,0.5,0.1047,6.32,0.1232
