NAME,MODE,GROUP,TEFF,TEFF_ERR,TEFF_IRFM,FEH,FEH_ERR,CFE,CFE_ERR,AC,AC_ERR
J040618.2030525.fits,CH,GII,4629.0,24.51,250.0,-4.25,0.0792,1.83,0.1328,6.01,0.1546
J044208.2342114.fits,CH,GII,4919.0,34.96,250.0,-4.16,0.2106,2.83,0.1766,7.09,0.2748
J053817.0751621.fits,CH,GII,5000.0,29.53,250.0,-2.03,0.1162,0.48,0.0676,6.89,0.1344
